,,,,,,,,,,,,,,,,,,,,,,,,,,,,,,,
"????????? ?? ?????????? ??????? ?????? ?????? ?? ?????. ????????????? ?????? ????????? ??????, ???? ?? ??????? ? ???????? ? ?? 32 ??? ?? ?? ??????????? ??? ? ??????. ?????? ?????? ?? ??????? 39-?? ??? ????? ??????. ??? FBS ???????????? ??????, ??????? ????????? ? 1 ?????, ? ??? FBY  c 11 ????.",,,,,,,,,,,,,,,,,,,,,,,,,,,,,,,
?????????,,,,,,,,,,,,,,,,,,,,,,,,,,,,,,,
,,,,,,,,,,,,,,,,,,,,,,,,,,,,,,,
"????????? ?????, ???? ??????? ? ????? ?? ??????? ??????",,,,,,,,,,,,,,,,,,,,,,,,,,,,,,,
?????????? ? ???????,,,,,,,?????????? ? ???????,,,,,?????????? ?? ???????? ?????????,,,,,,?????????? ?? ???????,,,,,,,,,,,,,
ID ??????-????????,?????? ??????,ID ?????????,???????? ?????????,???,?????? ????????? ?? ??????????,?????? ????????? ?? ???????????,????? ??????,??? ????? ??????,?????? ??????,???? ??????????,??? ??????,"??? ?????? ??????? ?? ??????, ?","???? ??????? (?? ??.), ?","????? ?? ??????? ????? ???????, ?","?????? ??????????, ?? ???????? ?????? ??????? ? ????? ?????, ?",?????? ??????? ??????????,????? ?????????? ?????????,"?????????? ??????? ?? ???????, ?","????????? ?????????, ?","??????? ? ????????? ??????????, ?","???? ??????, ?","?????????, ?","???????? ??????????, ?","????????-???????? ??????????, ?","????? ??????? ??????????, ?","??????? ??????? ??????????, ?","??????????? ?????? ???????, ?","????????? ??????, ?","???????? ????????? ? ?????????, ?","??????? ????????????? ???????, ?","?????????????? ?? ??????? ??????, ?"
187548892,FBS,216423567,BUDs 2,772351919217,42137076/25,,55632648065,55632648065,?????????,01.04.2026,??????? ???????,888.25,2289.00,1400.75,2054.00,?????????,76802,640.92,,,,,,183.12,0.12,64.09,,,,,
187548892,FBS,216423567,BUDs 2,772351919217,42137076/25,,56198771008,56198771008,?????????,18.04.2026,??????? ???????,906.88,2337.00,1430.12,2063.00,????? ?????????,,654.36,,,,,,186.96,0.12,65.44,,,,,
187548892,FBS,216423567,BUDs 2,772351919217,42137076/25,,55372563201,55372563201,?????????,24.03.2026,??????? ???????,272.58,2459.00,2186.42,2172.00,?????????,56433,6.89,,,,,,196.72,0.12,68.85,,,,,
187548892,FBS,216423567,BUDs 2,772351919217,42137076/25,,56198634305,56198634305,??????? ??? ?????????,18.04.2026,??????? ???????,0.12,5007.00,5006.88,3913.00,?? ????? ????????? ??-?? ?????? ??????,,,,,,,,,0.12,,,,,,
187548892,FBS,216423567,BUDs 2,772351919217,42137076/25,,56139915456,56139915456,?????????,16.04.2026,??????? ???????,1046.51,2108.00,1061.49,1515.00,????? ?????????,,590.24,,,228.49,,,168.64,0.12,59.02,,,,,
187548892,FBS,216423567,BUDs 2,772351919217,42137076/25,,56282570560,56282570560,?????????,20.04.2026,??????? ???????,1552.72,4546.00,2993.28,1.00,????? ?????????,,1054.79,,,6.84,,,363.68,0.12,127.29,,,,,
187548892,FBS,216423567,BUDs 2,772351919217,42137076/25,,54692781186,54692781186,?????????,02.03.2026,??????? ???????,1499.05,2592.00,1092.95,2288.00,?????????,55384,725.76,,50.00,443.23,,,207.36,0.12,72.58,,,,,
187548892,FBS,216423567,BUDs 2,772351919217,42137076/25,,55996887105,55996887105,?????????,11.04.2026,??????? ???????,1309.62,5132.00,3822.38,3654.00,?????????,98708,741.49,,,13.75,,,410.56,0.12,143.70,,,,,
187548892,FBS,216423567,BUDs 2,772351919217,42137076/25,,56080763200,56080763200,?????????,14.04.2026,??????? ???????,1741.16,2783.00,1041.84,2178.00,?????????,98708,779.24,,,661.24,,,222.64,0.12,77.92,,,,,
187548892,FBS,216423567,BUDs 2,772351919217,42137076/25,,56214348608,56214348608,?????????,18.04.2026,??????? ???????,945.90,2435.00,1489.10,2162.00,????? ?????????,,681.80,,,1.00,,,194.80,0.12,68.18,,,,,
187548892,FBS,216423567,BUDs 2,772351919217,42137076/25,,55877708802,,????? ??????? ?? ?????????,08.04.2026,??????? ???????,0.00,3105.00,3105.00,2215.00,?? ????? ????????? ??-?? ?????? ??????,,,,,,,,,,,,,,,
187548892,FBS,216423567,BUDs 2,772351919217,42137076/25,,56200958786,56200958786,?????????,18.04.2026,??????? ???????,1922.70,4922.00,2999.30,2890.00,????? ?????????,,1378.16,,,12.84,,,393.76,0.12,137.82,,,,,
187548892,FBS,216423567,BUDs 2,772351919217,42137076/25,,56230396418,56230396418,?????????,19.04.2026,??????? ???????,1144.37,2941.00,1796.63,2687.00,????? ?????????,,823.48,,,3.14,,,235.28,0.12,82.35,,,,,
187548892,FBS,216423567,BUDs 2,772351919217,42137076/25,,55966558593,55966558593,?????????,10.04.2026,??????? ???????,1214.50,3105.00,1890.50,2314.00,?????????,98708,869.40,,,9.64,,,248.40,0.12,86.94,,,,,
187548892,FBS,216423567,BUDs 2,772351919217,42137076/25,,55282718657,55282718657,?????????,21.03.2026,??????? ???????,300.89,2772.00,2471.11,2355.00,?????????,56433,1.39,,,,,,221.76,0.12,77.62,,,,,
187548892,FBS,216423567,BUDs 2,772351919217,42137076/25,,56343851523,,????? ??????? ?? ?????????,22.04.2026,??????? ???????,0.00,4089.00,4089.00,2868.00,?? ????? ????????? ??-?? ?????? ??????,,,,,,,,,,,,,,,
187548892,FBS,216423567,BUDs 2,772351919217,42137076/25,,55882280256,55882280256,?????????,08.04.2026,??????? ???????,569.22,4936.00,4366.78,3357.00,?????????,98708,13.83,,,22.18,,,394.88,0.12,138.21,,,,,
187548892,FBS,216423567,BUDs 2,772351919217,42137076/25,,55940802752,55940802752,?????????,10.04.2026,??????? ???????,874.00,2712.00,1838.00,1935.00,?????????,98708,325.41,,250.00,5.57,,,216.96,0.12,75.94,,,,,
187548892,FBS,216423567,BUDs 2,772351919217,42137076/25,,56284815424,56284815424,?????????,20.04.2026,??????? ???????,1231.20,3161.00,1929.80,2547.00,????? ?????????,,885.08,,,4.61,,,252.88,0.12,88.51,,,,,
187548892,FBS,216423567,BUDs 2,772351919217,42137076/25,,56163108865,56163108865,?????????,17.04.2026,??????? ???????,972.60,2481.00,1508.40,1895.00,????? ?????????,,694.68,,,9.85,,,198.48,0.12,69.47,,,,,
187548892,FBS,216423567,BUDs 2,772351919217,42137076/25,,56099895361,,????? ??????? ?? ?????????,15.04.2026,??????? ???????,0.00,2033.00,2033.00,1421.00,?? ????? ????????? ??-?? ?????? ??????,,,,,,,,,,,,,,,
187548892,FBS,216423567,BUDs 2,772351919217,42137076/25,,55948677440,55948677440,??????? ?????? ?? ??????,10.04.2026,??????? ???????,1371.12,4896.00,3524.88,3497.00,?? ????? ????????? ??-?? ?????? ??????,,,,,,,1356.00,,0.12,,,15.00,,,
187548892,FBS,216423567,BUDs 2,772351919217,42137076/25,,55885676929,55885676929,?????????,08.04.2026,??????? ???????,443.98,2934.00,2490.02,2248.00,?????????,98708,120.00,,,6.99,,,234.72,0.12,82.15,,,,,
187548892,FBS,216423567,BUDs 2,772351919217,42137076/25,,55596308290,55596308290,?????????,31.03.2026,??????? ???????,824.51,2103.00,1278.49,1490.00,?????????,76802,588.84,,,8.43,,,168.24,0.12,58.88,,,,,
187548892,FBS,216423567,BUDs 2,772351919217,42137076/25,,55596323394,55596323394,??????? ??? ?????????,31.03.2026,??????? ???????,0.12,4569.00,4568.88,2977.00,?? ????? ????????? ??-?? ?????? ??????,,,,,,,,,0.12,,,,,,
187548892,FBS,216423567,BUDs 2,772351919217,42137076/25,,56044826369,56044826369,?????????,13.04.2026,??????? ???????,763.26,1962.00,1198.74,1701.00,?????????,98708,549.36,,,1.88,,,156.96,0.12,54.94,,,,,
187548892,FBS,216423567,BUDs 2,772351919217,42137076/25,,55403068353,55403068353,?????????,25.03.2026,??????? ???????,250.77,2215.00,1964.23,1393.00,?????????,56433,6.21,,,5.22,,,177.20,0.12,62.02,,,,,
187548892,FBS,216423567,BUDs 2,772351919217,42137076/25,,56295260930,56295260930,?????????,21.04.2026,??????? ???????,2133.26,5440.00,3306.74,3532.00,????? ?????????,,1523.20,,,22.42,,,435.20,0.12,152.32,,,,,
187548892,FBS,216423567,BUDs 2,772351919217,42137076/25,,55863809344,55863809344,?????????,08.04.2026,??????? ???????,559.52,5000.00,4440.48,3633.00,?????????,98708,14.00,,,5.40,,,400.00,0.12,140.00,,,,,
187548892,FBS,216423567,BUDs 2,772351919217,42137076/25,,56102777154,56102777154,?????????,15.04.2026,??????? ???????,763.43,1962.00,1198.57,1827.00,????? ?????????,,549.36,,,2.05,,,156.96,0.12,54.94,,,,,
187548892,FBS,216423567,BUDs 2,772351919217,42137076/25,,56010215363,56010215363,??????? ??? ?????????,12.04.2026,??????? ???????,0.12,2747.00,2746.88,2030.00,?? ????? ????????? ??-?? ?????? ??????,,,,,,,,,0.12,,,,,,
187548892,FBS,216423567,BUDs 2,772351919217,42137076/25,,56073478146,56073478146,??????? ??? ?????????,14.04.2026,??????? ???????,0.00,2108.00,2108.00,1526.00,?? ????? ????????? ??-?? ?????? ??????,,,,,,,,,,,,,,,
187548892,FBS,216423567,BUDs 2,772351919217,42137076/25,,56061128130,56061128130,?????????,13.04.2026,??????? ???????,2116.63,2816.00,699.37,2009.00,?????????,98708,788.48,,,1023.90,,,225.28,0.12,78.85,,,,,
187548892,FBS,216423567,BUDs 2,772351919217,42137076/25,,56169264195,56169264195,?????????,17.04.2026,??????? ???????,1101.15,2816.00,1714.85,2117.00,????? ?????????,,788.48,,,8.42,,,225.28,0.12,78.85,,,,,
187548892,FBS,216423567,BUDs 2,772351919217,42137076/25,,56009836993,56009836993,?????????,12.04.2026,??????? ???????,3098.50,7900.00,4801.50,4335.00,?????????,98708,2212.00,,,33.18,,,632.00,0.12,221.20,,,,,
187548892,FBS,216423567,BUDs 2,772351919217,42137076/25,,55465923395,55465923395,?????????,27.03.2026,??????? ???????,863.02,2207.00,1343.98,1380.00,?????????,56433,617.96,,,6.58,,,176.56,0.12,61.80,,,,,
187548892,FBS,216423567,BUDs 2,772351919217,42137076/25,,55950880835,55950880835,??????? ??? ?????????,10.04.2026,??????? ???????,0.00,6427.00,6427.00,4061.00,?? ????? ????????? ??-?? ?????? ??????,,,,,,,,,,,,,,,
187548892,FBS,216423567,BUDs 2,772351919217,42137076/25,,55522725313,55522725313,?????????,29.03.2026,??????? ???????,955.64,2459.00,1503.36,2177.00,?????????,56433,688.52,,,1.43,,,196.72,0.12,68.85,,,,,
187548892,FBS,216423567,BUDs 2,772351919217,42137076/25,,55877499074,55877499074,??????? ??? ?????????,08.04.2026,??????? ???????,0.12,3105.00,3104.88,2215.00,?? ????? ????????? ??-?? ?????? ??????,,,,,,,,,0.12,,,,,,
187548892,FBS,216423567,BUDs 2,772351919217,42137076/25,,55467934210,55467934210,?????????,27.03.2026,??????? ???????,1291.97,5197.00,3905.03,3287.00,?????????,56433,722.35,,,8.22,,,415.76,0.12,145.52,,,,,
187548892,FBS,216423567,BUDs 2,772351919217,42137076/25,,56046583425,56046583425,?????????,13.04.2026,??????? ???????,1020.96,2600.00,1579.04,1041.00,?????????,98708,728.00,,,12.04,,,208.00,0.12,72.80,,,,,
187548892,FBS,216423567,BUDs 2,772351919217,42137076/25,,56247906945,56247906945,?????????,19.04.2026,??????? ???????,1260.60,3240.00,1979.40,2926.00,????? ?????????,,907.20,,,3.36,,,259.20,0.12,90.72,,,,,
187548892,FBS,216423567,BUDs 2,772351919217,42137076/25,,55669175810,55669175810,?????????,02.04.2026,??????? ???????,2945.78,4936.00,1990.22,3195.00,?????????,76802,1382.08,,,1030.49,,,394.88,0.12,138.21,,,,,
187548892,FBS,216423567,BUDs 2,772351919217,42137076/25,,56034081088,56034081088,??????? ??? ?????????,13.04.2026,??????? ???????,0.12,3999.00,3998.88,3475.00,?? ????? ????????? ??-?? ?????? ??????,,,,,,,,,0.12,,,,,,
187548892,FBS,216423567,BUDs 2,772351919217,42137076/25,,56109466304,56109466304,?????????,15.04.2026,??????? ???????,1506.83,3873.00,2366.17,3179.00,????? ?????????,,1084.44,,,3.99,,,309.84,0.12,108.44,,,,,
187548892,FBS,216423567,BUDs 2,772351919217,42137076/25,,55999596162,55999596162,?????????,11.04.2026,??????? ???????,821.46,2104.00,1282.54,1470.00,?????????,98708,589.12,,,4.99,,,168.32,0.12,58.91,,,,,
187548892,FBS,216423567,BUDs 2,772351919217,42137076/25,,56196935874,56196935874,?????????,18.04.2026,??????? ???????,1612.05,5853.00,4240.95,3798.00,????? ?????????,,961.88,,,17.93,,,468.24,0.12,163.88,,,,,
187548892,FBS,216423567,BUDs 2,772351919217,42137076/25,,55437845504,55437845504,?????????,26.03.2026,??????? ???????,971.77,2494.00,1522.23,2008.00,?????????,56433,698.32,,,3.98,,,199.52,0.12,69.83,,,,,
187548892,FBS,216423567,BUDs 2,772351919217,42137076/25,,55886419779,55886419779,?????????,08.04.2026,??????? ???????,2052.46,8482.00,6429.54,4828.00,?????????,98708,1113.98,,,22.30,,,678.56,0.12,237.50,,,,,
187548892,FBS,216423567,BUDs 2,772351919217,42137076/25,,56272416065,56272416065,?????????,20.04.2026,??????? ???????,879.10,7777.00,6897.90,3542.00,????? ?????????,,21.78,,,17.28,,,622.16,0.12,217.76,,,,,
187548892,FBS,216423567,BUDs 2,772351919217,42137076/25,,55589176515,55589176515,?????????,31.03.2026,??????? ???????,1852.66,5163.00,3310.34,2956.00,?????????,56433,1271.08,,,23.86,,,413.04,0.12,144.56,,,,,
187548892,FBS,216423567,BUDs 2,772351919217,42137076/25,,56087627840,56087627840,?????????,14.04.2026,??????? ???????,814.11,2108.00,1293.89,1542.00,????? ?????????,,578.51,,,7.82,,,168.64,0.12,59.02,,,,,
187548892,FBS,216423567,BUDs 2,772351919217,42137076/25,,55915539841,,????? ??????? ?? ?????????,09.04.2026,??????? ???????,0.00,4992.00,4992.00,3790.00,?? ????? ????????? ??-?? ?????? ??????,,,,,,,,,,,,,,,
187548892,FBS,216423567,BUDs 2,772351919217,42137076/25,,56293001216,56293001216,?????????,21.04.2026,??????? ???????,1180.82,2673.00,1492.18,2095.00,????? ?????????,,748.44,,,218.42,,,213.84,0.12,,,,,,
187548892,FBS,216423567,BUDs 2,772351919217,42137076/25,,56263523520,56263523520,?????????,20.04.2026,??????? ???????,300.13,2765.00,2464.87,2654.00,????? ?????????,,1.39,,,,,,221.20,0.12,77.42,,,,,
187548892,FBS,216423567,BUDs 2,772351919217,42137076/25,,55974211072,55974211072,?????????,11.04.2026,??????? ???????,984.26,2181.00,1196.74,1598.00,?????????,98708,610.68,,,137.91,,,174.48,0.12,61.07,,,,,
187548892,FBS,216423567,BUDs 2,772351919217,42137076/25,,56066142336,56066142336,?????????,14.04.2026,??????? ???????,1354.12,3240.00,1885.88,2836.00,?????????,98708,907.20,,,96.88,,,259.20,0.12,90.72,,,,,
187548892,FBS,216423567,BUDs 2,772351919217,42137076/25,,55801785920,55801785920,?????????,06.04.2026,??????? ???????,3793.35,5603.00,1809.65,3380.00,?????????,76802,1568.84,,,1619.27,,,448.24,0.12,156.88,,,,,
187548892,FBS,216423567,BUDs 2,772351919217,42137076/25,,55843552448,55843552448,?????????,07.04.2026,??????? ???????,3430.72,4778.00,1347.28,2995.00,?????????,76802,1337.84,,,1576.74,,,382.24,0.12,133.78,,,,,
187548892,FBS,216423567,BUDs 2,772351919217,42137076/25,,56195914179,56195914179,?????????,18.04.2026,??????? ???????,693.84,1783.00,1089.16,1612.00,????? ?????????,,499.24,,,1.92,,,142.64,0.12,49.92,,,,,
187548892,FBS,216423567,BUDs 2,772351919217,42137076/25,,56208331011,56208331011,?????????,18.04.2026,??????? ???????,310.23,1932.00,1621.77,1042.00,????? ?????????,,96.60,,,4.85,,,154.56,0.12,54.10,,,,,
187548892,FBS,216423567,BUDs 2,772351919217,42137076/25,,55611198595,55611198595,?????????,31.03.2026,??????? ???????,963.14,2482.00,1518.86,2263.00,?????????,76802,694.96,,,,,,198.56,0.12,69.50,,,,,
187548892,FBS,216423567,BUDs 2,772351919217,42137076/25,,56040120321,56040120321,?????????,13.04.2026,??????? ???????,2405.51,7651.00,5245.49,4316.00,?????????,98708,1561.99,,,16.98,,,612.08,0.24,214.22,,,,,
187548892,FBS,216423567,BUDs 2,772351919217,42137076/25,,56140777984,56140777984,?????????,16.04.2026,??????? ???????,1824.63,3553.00,1728.37,2397.00,????? ?????????,,994.84,,50.00,395.95,,,284.24,0.12,99.48,,,,,
187548892,FBS,216423567,BUDs 2,772351919217,42137076/25,,55515519296,55515519296,?????????,28.03.2026,??????? ???????,645.09,4957.00,4311.91,3282.00,?????????,56433,92.89,,,16.72,,,396.56,0.12,138.80,,,,,
187548892,FBS,216423567,BUDs 2,772351919217,42137076/25,,56006018050,56006018050,?????????,12.04.2026,??????? ???????,1143.59,2934.00,1790.41,2471.00,?????????,98708,821.52,,,5.08,,,234.72,0.12,82.15,,,,,
187548892,FBS,216423567,BUDs 2,772351919217,42137076/25,,56010396611,56010396611,?????????,12.04.2026,??????? ???????,390.41,2747.00,2356.59,2030.00,?????????,98708,7.70,,75.00,10.91,,,219.76,0.12,76.92,,,,,
187548892,FBS,216423567,BUDs 2,772351919217,42137076/25,,56173736512,56173736512,?????????,17.04.2026,??????? ???????,1976.17,5080.00,3103.83,4368.00,????? ?????????,,1422.40,,,5.01,,,406.40,0.12,142.24,,,,,
187548892,FBS,216423567,BUDs 2,772351919217,42137076/25,,56278531456,56278531456,?????????,20.04.2026,??????? ???????,3288.32,8436.00,5147.68,4483.00,????? ?????????,,2355.69,,,21.42,,,674.88,0.12,236.21,,,,,
187548892,FBS,216423567,BUDs 2,772351919217,42137076/25,,56190370115,56190370115,?????????,17.04.2026,??????? ???????,738.51,2108.00,1369.49,1601.00,????? ?????????,,501.09,,,9.64,,,168.64,0.12,59.02,,,,,
187548892,FBS,216423567,BUDs 2,772351919217,42137076/25,,53967434432,53967434432,?????????,07.02.2026,??????? ???????,1578.84,2430.00,851.16,2284.00,?????????,46155,680.40,,150.00,485.40,,,194.40,0.12,68.52,,,,,
187548892,FBS,216423567,BUDs 2,772351919217,42137076/25,,55821110081,55821110081,?????????,06.04.2026,??????? ???????,1336.75,2811.00,1474.25,2121.00,?????????,76802,787.08,,,245.96,,,224.88,0.12,78.71,,,,,
187548892,FBS,216423567,BUDs 2,772351919217,42137076/25,,56271602434,56271602434,?????????,20.04.2026,??????? ???????,268.37,2421.00,2152.63,2240.00,????? ?????????,,6.78,,,,,,193.68,0.12,67.79,,,,,
187548892,FBS,216423567,BUDs 2,772351919217,42137076/25,,55597910785,55597910785,?????????,31.03.2026,??????? ???????,1465.77,3763.00,2297.23,3127.00,?????????,56433,1053.64,,,5.61,,,301.04,0.12,105.36,,,,,
187548892,FBS,216423567,BUDs 2,772351919217,42137076/25,,56104052994,56104052994,?????????,15.04.2026,??????? ???????,3118.54,7945.00,4826.46,4298.00,????? ?????????,,2224.60,,,35.76,,,635.60,0.12,222.46,,,,,
187548892,FBS,216423567,BUDs 2,772351919217,42137076/25,,55877764482,55877764482,?????????,08.04.2026,??????? ???????,356.49,3105.00,2748.51,2215.00,?????????,98708,8.70,,,12.33,,,248.40,0.12,86.94,,,,,
187548892,FBS,216423567,BUDs 2,772351919217,42137076/25,,56000396547,56000396547,??????? ??? ?????????,12.04.2026,??????? ???????,0.12,2709.00,2708.88,1956.00,?? ????? ????????? ??-?? ?????? ??????,,,,,,,,,0.12,,,,,,
187548892,FBS,216423567,BUDs 2,772351919217,42137076/25,,56247731136,56247731136,?????????,19.04.2026,??????? ???????,2303.22,5921.00,3617.78,4588.00,????? ?????????,,1657.88,,,5.75,,,473.68,0.12,165.79,,,,,
187548892,FBS,216423567,BUDs 2,772351919217,42137076/25,,56172019267,56172019267,??????? ??? ?????????,17.04.2026,??????? ???????,0.12,4922.00,4921.88,3184.00,?? ????? ????????? ??-?? ?????? ??????,,,,,,,,,0.12,,,,,,
187548892,FBS,216423567,BUDs 2,772351919217,42137076/25,,56071162115,56071162115,?????????,14.04.2026,??????? ???????,1587.72,3240.00,1652.28,2719.00,?????????,98708,907.20,,,330.48,,,259.20,0.12,90.72,,,,,
187548892,FBS,216423567,BUDs 2,772351919217,42137076/25,,56176011072,56176011072,?????????,17.04.2026,??????? ???????,763.43,1962.00,1198.57,1791.00,????? ?????????,,549.36,,,2.05,,,156.96,0.12,54.94,,,,,
187548892,FBS,216423567,BUDs 2,772351919217,42137076/25,,56042101634,56042101634,?????????,13.04.2026,??????? ???????,1021.52,2600.00,1578.48,1945.00,?????????,98708,728.00,,,12.60,,,208.00,0.12,72.80,,,,,
187548892,FBS,216423567,BUDs 2,772351919217,42137076/25,,55597101505,55597101505,?????????,31.03.2026,??????? ???????,2015.13,5163.00,3147.87,3152.00,?????????,56433,1445.64,,,11.77,,,413.04,0.12,144.56,,,,,
187548892,FBS,216423567,BUDs 2,772351919217,42137076/25,,56272034560,56272034560,?????????,20.04.2026,??????? ???????,380.59,3319.00,2938.41,2600.00,????? ?????????,,9.30,,,12.72,,,265.52,0.12,92.93,,,,,
187548892,FBS,216423567,BUDs 2,772351919217,42137076/25,,55592159874,55592159874,??????? ??? ?????????,31.03.2026,??????? ???????,0.12,2103.00,2102.88,1490.00,?? ????? ????????? ??-?? ?????? ??????,,,,,,,,,0.12,,,,,,
187548892,FBS,216423567,BUDs 2,772351919217,42137076/25,,56070383105,56070383105,?????????,14.04.2026,??????? ???????,728.99,6338.00,5609.01,4221.00,????? ?????????,,17.75,,,26.62,,,507.04,0.12,177.46,,,,,
187548892,FBS,216423567,BUDs 2,772351919217,42137076/25,,56279390592,56279390592,?????????,20.04.2026,??????? ???????,561.21,4879.00,4317.79,3161.00,????? ?????????,,13.67,,,20.49,,,390.32,0.12,136.61,,,,,
187548892,FBS,216423567,BUDs 2,772351919217,42137076/25,,56089754178,56089754178,?????????,14.04.2026,??????? ???????,1552.01,3989.00,2436.99,3205.00,????? ?????????,,1116.92,,,4.16,,,319.12,0.12,111.69,,,,,
187548892,FBS,216423567,BUDs 2,772351919217,42137076/25,,55939302979,55939302979,?????????,10.04.2026,??????? ???????,571.52,5080.00,4508.48,3684.00,?????????,98708,14.23,,,8.53,,,406.40,0.12,142.24,,,,,
187548892,FBS,216423567,BUDs 2,772351919217,42137076/25,,55431793152,55431793152,?????????,26.03.2026,??????? ???????,955.64,2459.00,1503.36,2177.00,?????????,56433,688.52,,,1.43,,,196.72,0.12,68.85,,,,,
187548892,FBS,216423567,BUDs 2,772351919217,42137076/25,,56018784000,56018784000,?????????,12.04.2026,??????? ???????,1303.82,6055.00,4751.18,4629.00,?????????,98708,635.40,,,14.36,,,484.40,0.12,169.54,,,,,
187548892,FBS,216423567,BUDs 2,772351919217,42137076/25,,56035471552,56035471552,?????????,13.04.2026,??????? ???????,796.17,5002.00,4205.83,3725.00,?????????,98708,250.10,,,5.73,,,400.16,0.12,140.06,,,,,
187548892,FBS,216423567,BUDs 2,772351919217,42137076/25,,56316413441,56316413441,?????????,21.04.2026,??????? ???????,940.50,2605.00,1664.50,2318.00,????? ?????????,,729.40,,,2.58,,,208.40,0.12,,,,,,
187548892,FBS,216423567,BUDs 2,772351919217,42137076/25,,55955848576,55955848576,?????????,10.04.2026,??????? ???????,431.97,2698.00,2266.03,2016.00,?????????,98708,134.90,,,5.57,,,215.84,0.12,75.54,,,,,
187548892,FBS,216423567,BUDs 2,772351919217,42137076/25,,56085795267,56085795267,?????????,14.04.2026,??????? ???????,284.44,2566.00,2281.56,2315.00,????? ?????????,,7.19,,,,,,205.28,0.12,71.85,,,,,
187548892,FBS,216423567,BUDs 2,772351919217,42137076/25,,56216112130,56216112130,?????????,18.04.2026,??????? ???????,1087.15,2783.00,1695.85,2364.00,????? ?????????,,779.24,,,7.23,,,222.64,0.12,77.92,,,,,
187548892,FBS,216423567,BUDs 2,772351919217,42137076/25,,55909385024,55909385024,?????????,09.04.2026,??????? ???????,329.34,2984.00,2654.66,575.00,?????????,98708,1.50,,,5.45,,,238.72,0.12,83.55,,,,,
187548892,FBS,216423567,BUDs 2,772351919217,42137076/25,,55452252802,55452252802,?????????,26.03.2026,??????? ???????,1332.10,3415.00,2082.90,2610.00,?????????,56433,956.20,,,6.96,,,273.20,0.12,95.62,,,,,
187548892,FBS,216423567,BUDs 2,772351919217,42137076/25,,55863215619,55863215619,?????????,07.04.2026,??????? ???????,570.44,5080.00,4509.56,4071.00,?????????,98708,14.23,,,7.45,,,406.40,0.12,142.24,,,,,
187548892,FBS,216423567,BUDs 2,772351919217,42137076/25,,49302717954,49302717954,?????????,30.09.2025,??????? ???????,990.60,2128.00,1137.40,1320.00,?????????,762892,6.28,,150.00,666.92,,,127.68,0.12,39.60,,,,,
187548892,FBS,216423567,BUDs 2,772351919217,42137076/25,,55862855168,55862855168,?????????,07.04.2026,??????? ???????,743.48,6591.00,5847.52,4016.00,?????????,98708,18.46,,,13.07,,,527.28,0.12,184.55,,,,,
187548892,FBS,216423567,BUDs 2,772351919217,42137076/25,,56181434881,56181434881,??????? ??? ?????????,17.04.2026,??????? ???????,0.12,3319.00,3318.88,2507.00,?? ????? ????????? ??-?? ?????? ??????,,,,,,,,,0.12,,,,,,
187548892,FBS,216423567,BUDs 2,772351919217,42137076/25,,55520533379,55520533379,?????????,29.03.2026,??????? ???????,2506.67,6434.00,3927.33,3929.00,?????????,56433,1801.52,,,10.16,,,514.72,0.12,180.15,,,,,
187548892,FBS,216423567,BUDs 2,772351919217,42137076/25,,55573252930,55573252930,?????????,30.03.2026,??????? ???????,1310.03,2181.00,870.97,1549.00,?????????,56433,6.11,,,1068.25,,,174.48,0.12,61.07,,,,,
187548892,FBS,216423567,BUDs 2,772351919217,42137076/25,,55317130114,55317130114,?????????,22.03.2026,??????? ???????,712.76,5046.00,4333.24,3037.00,?????????,56433,2.53,,150.00,15.14,,,403.68,0.12,141.29,,,,,
187548892,FBS,216423567,BUDs 2,772351919217,42137076/25,,55933676227,55933676227,?????????,09.04.2026,??????? ???????,332.25,2934.00,2601.75,2023.00,?????????,98708,8.22,,,7.04,,,234.72,0.12,82.15,,,,,
187548892,FBS,216423567,BUDs 2,772351919217,42137076/25,,56160226881,56160226881,?????????,16.04.2026,??????? ???????,2070.58,5278.00,3207.42,3360.00,????? ?????????,,1477.84,,,22.60,,,422.24,0.12,147.78,,,,,
187548892,FBS,216423567,BUDs 2,772351919217,42137076/25,,55986684610,55986684610,?????????,11.04.2026,??????? ???????,1058.89,2712.00,1653.11,2001.00,?????????,98708,759.36,,,6.51,,,216.96,0.12,75.94,,,,,
187548892,FBS,216423567,BUDs 2,772351919217,42137076/25,,55970165954,55970165954,?????????,11.04.2026,??????? ???????,1107.47,2854.00,1746.53,2764.00,?????????,98708,799.12,,,,,,228.32,0.12,79.91,,,,,
187548892,FBS,216423567,BUDs 2,772351919217,42137076/25,,56066675458,56066675458,?????????,14.04.2026,??????? ???????,316.86,2910.00,2593.14,2417.00,????? ?????????,,1.46,,,1.00,,,232.80,0.12,81.48,,,,,
187548892,FBS,216423567,BUDs 2,772351919217,42137076/25,,56344102211,56344102211,? ?????????,22.04.2026,??????? ???????,0.12,4089.00,4088.88,2868.00,????? ?????????,,,,,,,,,0.12,,,,,,
187548892,FBS,216423567,BUDs 2,772351919217,42137076/25,,56176117057,56176117057,?????????,17.04.2026,??????? ???????,2158.42,5095.00,2936.58,3279.00,????? ?????????,,1426.60,,,181.44,,,407.60,0.12,142.66,,,,,
187548892,FBS,216423567,BUDs 2,772351919217,42137076/25,,55643316290,55643316290,?????????,01.04.2026,??????? ???????,856.92,2181.00,1324.08,1488.00,?????????,76802,610.68,,,10.57,,,174.48,0.12,61.07,,,,,
187548892,FBS,216423567,BUDs 2,772351919217,42137076/25,,56171788227,56171788227,?????????,17.04.2026,??????? ???????,209.54,1872.00,1662.46,1701.00,????? ?????????,,5.25,,,1.99,,,149.76,0.12,52.42,,,,,
187548892,FBS,216423567,BUDs 2,772351919217,42137076/25,,55916004097,55916004097,?????????,09.04.2026,??????? ???????,1942.42,4992.00,3049.58,3913.00,?????????,98708,1397.76,,,5.40,,,399.36,0.12,139.78,,,,,
187548892,FBS,216423567,BUDs 2,772351919217,42137076/25,,56087171779,56087171779,??????? ?????? ?? ??????,14.04.2026,??????? ???????,356.12,2108.00,1751.88,1493.00,?? ????? ????????? ??-?? ?????? ??????,,,,,,,341.00,,0.12,,,15.00,,,
187548892,FBS,216423567,BUDs 2,772351919217,42137076/25,,55436643712,55436643712,?????????,26.03.2026,??????? ???????,1955.54,5015.00,3059.46,3811.00,?????????,56433,1404.20,,,9.60,,,401.20,0.12,140.42,,,,,
187548892,FBS,216423567,BUDs 2,772351919217,42137076/25,,55971878786,55971878786,?????????,11.04.2026,??????? ???????,1190.64,3054.00,1863.36,2350.00,?????????,98708,855.12,,,5.57,,,244.32,0.12,85.51,,,,,
187548892,FBS,216423567,BUDs 2,772351919217,42137076/25,,55347091907,55347091907,?????????,23.03.2026,??????? ???????,910.18,8204.00,7293.82,3903.00,?????????,56433,4.11,,,19.92,,,656.32,0.12,229.71,,,,,
187548892,FBS,216423567,BUDs 2,772351919217,42137076/25,,56279395907,56279395907,?????????,20.04.2026,??????? ???????,570.65,4961.00,4390.35,2996.00,????? ?????????,,13.90,,,20.84,,,396.88,0.12,138.91,,,,,
187548892,FBS,216423567,BUDs 2,772351919217,42137076/25,,56212157763,56212157763,??????? ??? ?????????,18.04.2026,??????? ???????,0.12,2108.00,2107.88,1570.00,?? ????? ????????? ??-?? ?????? ??????,,,,,,,,,0.12,,,,,,
187548892,FBS,216423567,BUDs 2,772351919217,42137076/25,,56010170946,56010170946,?????????,12.04.2026,??????? ???????,963.14,2482.00,1518.86,2311.00,?????????,98708,694.96,,,,,,198.56,0.12,69.50,,,,,
187548892,FBS,216423567,BUDs 2,772351919217,42137076/25,,55809089088,55809089088,?????????,06.04.2026,??????? ???????,1980.48,2757.00,776.52,1975.00,?????????,76802,771.96,,,910.64,,,220.56,0.12,77.20,,,,,
187548892,FBS,216423567,BUDs 2,772351919217,42137076/25,,56215849218,,????? ??????? ?? ?????????,18.04.2026,??????? ???????,0.00,2783.00,2783.00,2364.00,?? ????? ????????? ??-?? ?????? ??????,,,,,,,,,,,,,,,
187548892,FBS,216423567,BUDs 2,772351919217,42137076/25,,56337764801,56337764801,?????????,22.04.2026,??????? ???????,0.00,2687.00,2687.00,1994.00,????? ?????????,,,,,,,,,,,,,,,
187548892,FBS,216423567,BUDs 2,772351919217,42137076/25,,56278767426,56278767426,?????????,20.04.2026,??????? ???????,1943.15,4950.00,3006.85,2950.00,????? ?????????,,1386.00,,,22.43,,,396.00,0.12,138.60,,,,,
